{
    "individual": {
        "Pi4": {
            "path_loss_n": 1.792384804317399,
            "C_intercept": -56.10961411634146,
            "slope_c1": -17.92384804317399,
            "sigma_residual_db": 4.518895251689665,
            "R2": 0.7727676094716859
        },
        "Pi5 rood": {
            "path_loss_n": 2.216342145288338,
            "C_intercept": -51.77897198540094,
            "slope_c1": -22.16342145288338,
            "sigma_residual_db": 1.7902245835650132,
            "R2": 0.9707014330379007
        },
        "Pi5 zwart": {
            "path_loss_n": 1.8124223913343713,
            "C_intercept": -57.32078976647304,
            "slope_c1": -18.124223913343712,
            "sigma_residual_db": 2.3381292947522567,
            "R2": 0.9285132430141259
        }
    },
    "combined": {
        "path_loss_n": 1.9403831136467027,
        "C_intercept": -55.06979195607181,
        "slope_c1": -19.40383113646703,
        "sigma_residual_db": 2.8824163766689783,
        "R2": 0.8906607618412375
    }
}