{
    "pi4": {
        "0.0": 3.0638287198632836,
        "0.25": 1.387756924950258,
        "0.5": 0.8703683074619949,
        "0.75": 0.7798512233380273,
        "1.0": 0.9405735681510352,
        "1.5": 0.9542817144823906,
        "2.0": 1.5822978114807662,
        "2.5": 1.1826443627191248,
        "3.0": 1.3560448437119574,
        "3.5": 1.3040702838099067,
        "4.0": 1.6489557155032457,
        "4.5": 0.4358186513527522,
        "5.0": 0.9486870153245024,
        "6.0": 0.9035380786250703,
        "7.0": 3.2766365586430344,
        "8.0": 0.7770957602686066,
        "9.0": 1.4817282931433693,
        "10.0": 1.1366812293364779
    },
    "pi5_rood": {
        "0.0": 0.518984583849349,
        "0.25": 1.28027704400763,
        "0.5": 0.9002537010358261,
        "0.75": 0.6632297412189796,
        "1.0": 0.6944912406531512,
        "1.5": 1.0870608076661559,
        "2.0": 0.8693554227874205,
        "2.5": 1.1807885561150067,
        "3.0": 1.1516623907652959,
        "3.5": 1.806753981399492,
        "4.0": 1.6549348719498145,
        "4.5": 1.4699518489639958,
        "5.0": 1.9345369771025167,
        "6.0": 1.138048684006979,
        "7.0": 1.0515564626254508,
        "8.0": 1.0681488868020592,
        "9.0": 1.296970662269155,
        "10.0": 1.0916068092469764
    },
    "pi5_zwart": {
        "0.0": 0.6345148732541426,
        "0.25": 0.6802061496829739,
        "0.5": 1.7028778244460916,
        "0.75": 1.531959451790465,
        "1.0": 1.5192947607790817,
        "1.5": 1.0031444658757773,
        "2.0": 1.3571835950282034,
        "2.5": 1.4154374512765817,
        "3.0": 1.4225413860596696,
        "3.5": 0.9162532458601271,
        "4.0": 1.6128953614861556,
        "4.5": 1.2396338620573766,
        "5.0": 1.540550085188495,
        "6.0": 0.8514714846096977,
        "7.0": 0.9264368171875426,
        "8.0": 1.05044957531308,
        "9.0": 1.0475530989510886,
        "10.0": 1.270818404486352
    }
}
