{
  "per_pi": {
    "Pi1": {
      "C_intercept": -51.661834235055935,
      "slope_c1": -13.682072913525063,
      "path_loss_n": 1.3682072913525063,
      "sigma_residual_db": 2.439137511157228,
      "R2": 0.7957828771649905,
      "sigma_duplicate_db": 0.19039432764659772
    },
    "Pi2": {
      "C_intercept": -51.340320385267695,
      "slope_c1": -14.01724794796112,
      "path_loss_n": 1.401724794796112,
      "sigma_residual_db": 2.3620744888105465,
      "R2": 0.813475830583821,
      "sigma_duplicate_db": 0.1785357107135713
    },
    "Pi3": {
      "C_intercept": -51.756841027271484,
      "slope_c1": -13.634264605968085,
      "path_loss_n": 1.3634264605968085,
      "sigma_residual_db": 2.5185134341943525,
      "R2": 0.7839936783282904,
      "sigma_duplicate_db": 0.14361406616345043
    }
  },
  "combined": {
    "C_intercept": -51.58633188253169,
    "slope_c1": -13.777861822484754,
    "path_loss_n": 1.3777861822484754,
    "sigma_residual_db": 2.335501992624473,
    "R2": 0.7973736024184436,
    "sigma_duplicate_mean_db": 0.17084803484120648
  }
}