{
    "individual": {
        "pi4": {
            "path_loss_n": 21.718898189350607,
            "C_intercept": -43.188934055923895,
            "slope_c1": -21.718898189350607,
            "sigma_residual_db": 3.6113509310850835,
            "R2": 0.810626841437135
        },
        "pi5_rood": {
            "path_loss_n": 16.796311139775554,
            "C_intercept": -46.74896712940097,
            "slope_c1": -16.796311139775554,
            "sigma_residual_db": 3.2512832124162534,
            "R2": 0.7595302328304014
        },
        "pi5_zwart": {
            "path_loss_n": 22.869309118836547,
            "C_intercept": -40.738447137210784,
            "slope_c1": -22.869309118836547,
            "sigma_residual_db": 4.004549699679602,
            "R2": 0.7942303189393113
        }
    },
    "combined": {
        "path_loss_n": 20.461506149320904,
        "C_intercept": -43.55878277417855,
        "slope_c1": -20.461506149320904,
        "sigma_residual_db": 3.6223946143936465,
        "R2": 0.7881291310689492
    }
}